Protocol,Domain,Path,Depth_url,Having_IP,URL_Length,Having_@_symbol,Redirection_//_symbol,Prefix_suffix_separation,Sub_domains,tiny_url,http_tokens,httpDomain,Port,label
http,www.bankwest.com.au,/,0,0,1,0,0,0,2,1,0,1,0,1
http,www.bankwest.com.au,/,0,0,1,0,0,0,2,1,0,1,0,1
http,www.bankwest.com.au,/,0,0,0,0,0,0,2,1,0,1,0,1
http,www.bankwest.com.au,/,0,0,2,0,0,0,2,1,0,1,0,1
http,www.bankwest.com.au,/Personal/,1,0,0,0,0,0,2,1,0,1,0,1
http,www.bankwest.com.au,/about-us/bankwest-careers-overview/find-a-job,3,0,2,0,0,0,2,1,0,1,0,1
http,www.bankwest.com.au,/about-us/media-centre/media-centre-overview,3,0,2,0,0,0,2,1,0,1,0,1
http,www.bankwest.com.au,/bonus,1,0,0,0,0,0,2,1,0,1,0,1
http,www.bankwest.com.au,/business/business-accounts/business-account-products/business-high-interest-transaction-account,4,0,1,0,0,0,2,1,0,1,0,1
http,www.bankwest.com.au,/business/business-loans/business-loan-services/bank-guarantees,4,0,1,0,0,0,2,1,0,1,0,1
http,www.bankwest.com.au,/business/our-services/business-banking-centres/brisbane,4,0,1,0,0,0,2,1,0,1,0,1
http,www.bankwest.com.au,/business/your-business/business-lifecycle/customer-video-testimonials,4,0,1,0,0,0,2,1,0,1,0,1
http,www.bankwest.com.au,/contact-us,1,0,0,0,0,0,2,1,0,1,0,1
http,www.bankwest.com.au,/cs/ContentServer,2,0,1,0,0,0,2,1,0,1,0,1
http,www.bankwest.com.au,/cs/ContentServer,2,0,1,0,0,0,1,1,0,1,0,1
http,www.bankwest.com.au,/find-us,1,0,0,0,0,0,2,1,0,1,0,1
http,www.bankwest.com.au,/four-oh-four,1,0,0,0,0,0,2,1,0,1,0,1
http,www.bankwest.com.au,/help/personal/online-banking,3,0,2,0,0,0,2,1,0,1,0,1
http,www.bankwest.com.au,/help/personal/online-banking/logging-into-bob,4,0,2,0,0,0,2,1,0,1,0,1
http,www.bankwest.com.au,/kids/,1,0,0,0,0,0,2,1,0,1,0,1
http,www.bankwest.com.au,/lowratecreditcard/,1,0,0,0,0,0,2,1,0,1,0,1
http,www.bankwest.com.au,/media-centre/financial-indicator-series/bankwest-skill-shortage-report-2012-1292487426050,3,0,1,0,0,0,2,1,0,1,0,1
http,www.bankwest.com.au,/media-centre/media-releases/all-about-australian-bank-notes---bankwest-infographics-1292488663256,3,0,1,0,0,0,2,1,0,1,0,1
http,www.bankwest.com.au,/media-centre/media-releases/bankwest-contemporary-art-prize-1292491155587,3,0,1,0,0,0,2,1,0,1,0,1
http,www.bankwest.com.au,/media-centre/media-releases/bankwest-estatements-competition-1292487335172,3,0,1,0,0,0,2,1,0,1,0,1
http,www.bankwest.com.au,/media-centre/media-releases/strong-financial-result-positions-bankwest-for-future-investment-1292483574299,3,0,1,0,0,0,2,1,0,1,0,1
http,www.bankwest.com.au,/media-centre/service-announcements/delays-with-online-banking-1292486525742,3,0,1,0,0,0,2,1,0,1,0,1
http,www.bankwest.com.au,/media-centre/service-announcements/interest-rate-update-1292486329216,3,0,1,0,0,0,2,1,0,1,0,1
http,www.bankwest.com.au,/media-centre/service-announcements/planned-maintenance-for-online-banking-1292486525742,3,0,1,0,0,0,2,1,0,1,0,1
http,www.bankwest.com.au,/online-banking,1,0,0,0,0,0,2,1,0,1,0,1
http,www.bankwest.com.au,/personal,1,0,0,0,0,0,2,1,0,1,0,1
http,www.bankwest.com.au,/personal/credit-cards/about-rewards,3,0,2,0,0,0,2,1,0,1,0,1
http,www.bankwest.com.au,/personal/credit-cards/compare-credit-cards,3,0,2,0,0,0,2,1,0,1,0,1
http,www.bankwest.com.au,/personal/credit-cards/compare-credit-cards/more-mastercard-rewards-qantas-credit-cards,4,0,1,0,0,0,2,1,0,1,0,1
http,www.bankwest.com.au,/personal/credit-cards/compare-credit-cards/zero-mastercard-no-annual-fee-credit-cards,4,0,1,0,0,0,2,1,0,1,0,1
http,www.bankwest.com.au,/personal/credit-cards/credit-card-products/breeze-mastercard,4,0,1,0,0,0,2,1,0,1,0,1
http,www.bankwest.com.au,/personal/credit-cards/credit-cards-overview,3,0,2,0,0,0,2,1,0,1,0,1
http,www.bankwest.com.au,/personal/credit-cards/managing-your-credit-card/apply-for-a-balance-transfer,4,0,1,0,0,0,2,1,0,1,0,1
http,www.bankwest.com.au,/personal/credit-cards/managing-your-credit-card/change-your-credit-limit,4,0,1,0,0,0,2,1,0,1,0,1
http,www.bankwest.com.au,/personal/credit-cards/managing-your-credit-card/lost-your-card-or-had-it-stolen,4,0,1,0,0,0,2,1,0,1,0,1
http,www.bankwest.com.au,/personal/everyday-accounts/everyday-accounts-overview,3,0,1,0,0,0,2,1,0,1,0,1
http,www.bankwest.com.au,/personal/everyday-accounts/everyday-transaction-accounts/childrens-savings-account,4,0,1,0,0,0,2,1,0,1,0,1
http,www.bankwest.com.au,/personal/home-loans/calculators/how-much-can-i-borrow,4,0,1,0,0,0,2,1,0,1,0,1
http,www.bankwest.com.au,/personal/home-loans/choosing-the-right-home-loan/refinancing-your-home-loan,4,0,1,0,0,0,2,1,0,1,0,1
http,www.bankwest.com.au,/personal/home-loans/home-loan-products/premium-select-home-loan,4,0,1,0,0,0,2,1,0,1,0,1
http,www.bankwest.com.au,/personal/home-loans/home-loans-overview,3,0,2,0,0,0,2,1,0,1,0,1
http,www.bankwest.com.au,/personal/insurance-advice/travel-insurance,3,0,2,0,0,0,2,1,0,1,0,1
http,www.bankwest.com.au,/personal/insurance/insurance-overview,3,0,2,0,0,0,2,1,0,1,0,1
http,www.bankwest.com.au,/personal/investments-advice/personal-financial-advice,3,0,1,0,0,0,2,1,0,1,0,1
http,www.bankwest.com.au,/personal/our-services/ways-to-bank-with-us/online-banking,4,0,1,0,0,0,2,1,0,1,0,1
http,www.bankwest.com.au,/personal/payments-services/ways-to-bank-with-us/bankwest-atms,4,0,1,0,0,0,2,1,0,1,0,1
http,www.bankwest.com.au,/personal/personal-loans/how-to-apply,3,0,2,0,0,0,2,1,0,1,0,1
http,www.bankwest.com.au,/personal/personal-loans/personal-loan-products/unsecured-personal-loan,4,0,1,0,0,0,2,1,0,1,0,1
http,www.bankwest.com.au,/personal/personal-loans/personal-loans-overview,3,0,2,0,0,0,2,1,0,1,0,1
http,www.bankwest.com.au,/personal/personal-loans/tools-calculators,3,0,2,0,0,0,2,1,0,1,0,1
http,www.bankwest.com.au,/personal/savings-term-deposits/savings-accounts-term-deposits/gold-term-deposit,4,0,1,0,0,0,2,1,0,1,0,1
http,www.bankwest.com.au,/personal/savings-term-deposits/savings-accounts-term-deposits/online-term-deposit,4,0,1,0,0,0,2,1,0,1,0,1
http,www.bankwest.com.au,/personal/savings-term-deposits/savings-accounts-term-deposits/telenet-saver,4,0,1,0,0,0,2,1,0,1,0,1
http,www.bankwest.com.au,/personal/savings-term-deposits/savings-term-deposits-overview,3,0,1,0,0,0,2,1,0,1,0,1
http,www.bankwest.com.au,/product-small-print,1,0,0,0,0,0,2,1,0,1,0,1
http,www.bankwest.com.au,/rates-fees,1,0,0,0,0,0,2,1,0,1,0,1
http,www.bankwest.com.au,/security-centre,1,0,0,0,0,0,2,1,0,1,0,1
http,www.bankwest.com.au,/security-centre/bankwest-privacy-policy,2,0,2,0,0,0,2,1,0,1,0,1
http,www.bankwest.com.au,/security-centre/email-internet-security,2,0,2,0,0,0,2,1,0,1,0,1
http,www.bankwest.com.au,/security-centre/online-banking-security,2,0,2,0,0,0,2,1,0,1,0,1
http,www.bankwest.com.au,/studentedge,1,0,2,0,0,0,2,1,0,1,0,1
http,www.bankwest.com.au,/studentedge,1,0,2,0,0,0,2,1,0,1,0,1
http,www.bankwest.com.au,/terms-conditions/website-terms-of-use,2,0,2,0,0,0,2,1,0,1,0,1
http,www.bankwest.com.au,/twitter,1,0,0,0,0,0,2,1,0,1,0,1
http,www.bankwest.com.au,/zero-account-fees/,1,0,0,0,0,0,2,1,0,1,0,1
http,www.bankwest.com.au,/zero-account-fees/,1,0,2,0,0,0,2,1,0,1,0,1
https,americanexpress.com,,0,0,0,0,0,0,0,0,0,0,0,1
https,network.americanexpress.com,,0,0,0,0,0,0,0,0,0,0,0,1
https,global.americanexpress.com,,0,0,0,0,0,0,0,0,0,0,0,1
https,online.americanexpress.com,,0,0,0,0,0,0,0,0,0,0,0,1
https,consumer-travel.americanexpress.com,,0,0,0,0,0,1,0,0,0,0,0,1
http,bank.ecitic.com,/cards/yywdmx.htm,2,0,0,0,0,0,2,0,0,1,0,1
http,bankowynet.pl,/tag/budowe-domu,2,0,0,0,0,0,0,0,0,1,0,1
http,bankowynet.pl,/tag/w-zlotowkach,2,0,0,0,0,0,0,0,0,1,0,1
http,debtfreepartners.com,/tag/american-bankers-association/,2,0,2,0,0,0,0,0,0,1,0,1
http,fortune.com,/2014/05/16/with-alibaba-stake-softbank-readies-for-u-s-invasion/,4,0,1,0,0,0,0,0,0,1,0,1
http,hdfcbank.com,/htdocs/common/MobileBanking/chillr-app/index.htm,5,0,1,0,0,0,0,0,0,1,0,1
http,hdfcbank.com,/htdocs/wholesale/fit/trusts/sgl_maintenance/sgl_maintenance.htm,6,0,1,0,0,0,0,0,0,1,0,1
http,hdfcbank.com,/nri_banking/accounts/salary_accounts/premium_salary_account.htm,4,0,1,0,0,0,0,0,0,1,0,1
http,hdfcbank.com,/personal/article/know-your-finances-article/hto2kzho/1323950222,5,0,1,0,0,0,0,0,0,1,0,1
http,hdfcbank.com,/personal/article/know-your-finances-article/hto2kzho/1323950698,5,0,1,0,0,0,0,0,0,1,0,1
http,hdfcbank.com,/personal/article/know-your-finances-article/hto2kzho/1323951143,5,0,1,0,0,0,0,0,0,1,0,1
http,hdfcbank.com,/personal/article/know-your-finances-article/hto2kzho/1323951371,5,0,1,0,0,0,0,0,0,1,0,1
http,hdfcbank.com,/personal/Article/know-your-finances-article/hto2kzho/1323952107,5,0,1,0,0,0,0,0,0,1,0,1
http,hdfcbank.com,/personal/find-your-nearest/find-nearest-branch/lockers/gts8miud,5,0,1,0,0,0,0,0,0,1,0,1
http,hdfcbank.com,/sme/accounts-and-deposits/current-accounts/agri-current-account,4,0,1,0,0,0,0,0,0,1,0,1
http,hdfcbank.com,/sme/accounts-and-deposits/current-accounts/ezee-current-account,4,0,1,0,0,0,0,0,0,1,0,1
http,hdfcbank.com,/sme/accounts-and-deposits/current-accounts/plus-current-account,4,0,1,0,0,0,0,0,0,1,0,1
http,hdfcbank.com,/sme/ways-to-bank/bank-with-your-phone/instaalerts-sms-and-email,4,0,1,0,0,0,0,0,0,1,0,1
http,icicibank.com,/online-services/forex/student-proposition/career-guidance.page,4,0,1,0,0,0,0,0,0,1,0,1
http,icicibank.com,/Personal-Banking/account-deposit/recurring-deposits/index.page,4,0,1,0,0,0,0,0,0,1,0,1
http,icicibank.com,/Personal-Banking/account-deposit/savings-account/overview.page,4,0,1,0,0,0,0,0,0,1,0,1
http,icicibank.com,/Personal-Banking/account-deposit/young-stars/landing-page.page,4,0,1,0,0,0,0,0,0,1,0,1
http,icicibank.com,/Personal-Banking/loans/home-loan/home-loan-emi-calculator.page,4,0,1,0,0,0,0,0,0,1,0,1
http,icicibank.com,/Personal-Banking/loans/home-loan/home-loan-interest-rates.page,4,0,1,0,0,0,0,0,0,1,0,1
http,icicibank.com,/Personal-Banking/onlineservice/online-services/imps/index.page,5,0,1,0,0,0,0,0,0,1,0,1
http,sberbank.ru,/ru/person/bank_cards/debet/uek/pro100/ru/person/bank_cards/help/,10,0,1,0,0,0,0,0,0,1,0,1
http,sberbank.ru,/ru/person/investments/broker_service/marketsandservices/sektormm,6,0,1,0,0,0,0,0,0,1,0,1
https,privatbank.ua,/ua/business/universalnyje-reshenija/klyuch-k-schetu/gtm.start,5,0,1,0,0,0,0,0,0,0,0,1
https,privatbank.ua,/ua/business/universalnyje-reshenija/sms-banking-for-business/,4,0,1,0,0,0,0,0,0,0,0,1
http,hdfcbank.com,/personal/article/know-your-finances-catagory/hto2kzho/1323942258,5,0,1,0,0,0,0,0,0,1,0,1
http,hdfcbank.com,/personal/making-payments/pay-credit-card-bills/hdfc-bank-account,4,0,1,0,0,0,0,0,0,1,0,1
http,hdfcbank.com,/personal/products/cards/debit-cards/easyshop-business-debit-card,5,0,1,0,0,0,0,0,0,1,0,1
http,hdfcbank.com,/personal/products/cards/debit-cards/easyshop-platinum-debit-card,5,0,1,0,0,0,0,0,0,1,0,1
http,hdfcbank.com,/personal/products/cards/debit-cards/easyshop-titanium-debit-card,5,0,1,0,0,0,0,0,0,1,0,1
http,hdfcbank.com,/personal/products/investments/distribution-of-financial-products,4,0,1,0,0,0,0,0,0,1,0,1
http,hdfcbank.com,/sme/accounts-and-deposits/current-accounts/trade-current-account,4,0,1,0,0,0,0,0,0,1,0,1
http,icicibank.com,/nri-banking/new-age-banking/online-account-opening-process.page,3,0,1,0,0,0,0,0,0,1,0,1
http,icicibank.com,/Personal-Banking/account-deposit/savings-account/apply_now.page,4,0,1,0,0,0,0,0,0,1,0,1
http,icicibank.com,/Personal-Banking/cards/prepaid/meal-card/serviceandcharges.page,5,0,1,0,0,0,0,0,0,1,0,1
http,icicibank.com,/Personal-Banking/insurance/life-insurance/service-my-plane.page,4,0,1,0,0,0,0,0,0,1,0,1
http,sberbank.ru,/portalserver/sb-portal-ru/ru/s_m_business/products/insurance/auto,7,0,1,0,0,0,0,0,0,1,0,1
http,sberbank.ru,/portalserver/sb-portal-ru/ru/s_m_business/products/insurance/life,7,0,1,0,0,0,0,0,0,1,0,1
http,rt.com,/in-vision/palestinian-prisoner-day-clashes/ofer-west-bank-palestinian/,3,0,1,0,0,0,0,1,0,1,0,1
https,privatbank.ua,/ua/business/srednemu-i-krupnomu-biznesu/bank-garanty/gtm.start,5,0,1,0,0,0,0,0,0,0,0,1
https,privatbank.ua,/ua/business/srednemu-i-krupnomu-biznesu/kadrovaja-bezopasnost/,4,0,1,0,0,0,0,0,0,0,0,1
http,hdfcbank.com,/htdocs/common/faq/pradhan-mantri-jan-dhan-yojana-faq/en/index.htm,6,0,1,0,0,0,0,0,0,1,0,1
http,hdfcbank.com,/personal/find-your-nearest/find-nearest-branch/gold-loan/hsbsjh1s,5,0,1,0,0,0,0,0,0,1,0,1
http,hdfcbank.com,/personal/hnw/preferred-banking,3,0,1,0,0,0,0,0,0,1,0,1
http,hdfcbank.com,/personal/making-payments/tax-payment/online-payment-of-direct-tax,4,0,1,0,0,0,0,0,0,1,0,1
http,hdfcbank.com,/personal/products/cards/prepaid-cards/apollo-medical-benefit-card,5,0,1,0,0,0,0,0,0,1,0,1
http,hdfcbank.com,/personal/products/loans/two-wheeler-loans/two-wheeler-loan,5,0,1,0,0,0,0,0,0,1,0,1
http,hdfcbank.com,/sme/accounts-and-deposits/current-accounts/ultima-current-account,4,0,1,0,0,0,0,0,0,1,0,1
http,icicibank.com,/Personal-Banking/account-online/fixed-deposit/fixed-deposit.page,4,0,1,0,0,0,0,0,0,1,0,1
http,icicibank.com,/Personal-Banking/cards/Consumer-Cards/Credit-Card/all-cards.page,5,0,1,0,0,0,0,0,0,1,0,1
http,icicibank.com,/Personal-Banking/insta-banking/internet-banking/linkaccount.page,4,0,1,0,0,0,0,0,0,1,0,1
http,sberbank.ru,/portalserver/sb-portal-ru/ru/person/bank_cards/credit/partners/mts,8,0,1,0,0,0,0,0,0,1,0,1
https,privatbank.ua,/business/universalnyje-reshenija/konsul-tacionnaja-podderzhka-/,3,0,1,0,0,0,0,0,0,0,0,1
https,privatbank.ua,/ua/business/srednemu-i-krupnomu-biznesu/ekvajring-skb/gtm.start,5,0,1,0,0,0,0,0,0,0,0,1
https,privatbank.ua,/ua/business/universalnyje-reshenija/schet-v-banke/otkryt-schet/,5,0,1,0,0,0,0,0,0,0,0,1
https,quizlet.com,/57623131/english-1102-drama-terminology-flash-cards/Hubris/Hybris,4,0,1,0,0,0,0,1,0,0,0,1
http,gtbank.com,/personalbanking/products/current-accounts/individual-current-account,4,0,1,0,0,0,0,0,0,1,0,1
http,gtbank.com,/personalbanking/services/e-banking-services/one-click-airtime-top-up,4,0,1,0,0,0,0,0,0,1,0,1
http,hdfcbank.com,/personal/find-your-nearest/find-nearest-branch/direct-tax/gts8miue,5,0,1,0,0,0,0,0,0,1,0,1
http,hdfcbank.com,/sme/accounts-and-deposits/current-accounts/supreme-current-account,4,0,1,0,0,0,0,0,0,1,0,1
http,icicibank.com,/business-banking/transation-banking/premium-current-accounts.page,3,0,1,0,0,0,0,0,0,1,0,1
http,icicibank.com,/Personal-Banking/onlineservice/online-services/onlineservice.page,4,0,1,0,0,0,0,0,0,1,0,1
http,icicibank.com,/wealth-management/personal/jetairways-sapphiro-card-overview.page,3,0,1,0,0,0,0,0,0,1,0,1
http,sberbank.ru,/moscow/ru/person/investments/broker_service/marketsandservices/otc/,7,0,1,0,0,0,0,0,0,1,0,1
http,sberbank.ru,/moscow/ru/person/investments/broker_service/tradesystems/overnight/,7,0,1,0,0,0,0,0,0,1,0,1
https,privatbank.ua,/ua/business/srednemu-i-krupnomu-biznesu/uchet-rabochego-vremeni/,4,0,1,0,0,0,0,0,0,0,0,1
https,privatbank.ua,/ua/business/universalnyje-reshenija/buhgalteria-online/gtm.start,5,0,1,0,0,0,0,0,0,0,0,1
https,privatbank.ua,/ua/business/universalnyje-reshenija/internet-ekvajring/gtm.start,5,0,1,0,0,0,0,0,0,0,0,1
https,privatbank.ua,/ua/business/universalnyje-reshenija/kliring-v-privat24/gtm.start,5,0,1,0,0,0,0,0,0,0,0,1
https,privatbank.ua,/ua/business/universalnyje-reshenija/status-kontragenta/gtm.start,5,0,1,0,0,0,0,0,0,0,0,1
https,privatbank.ua,/ua/business/universalnyje-reshenija/terminal-samoobsluzhivanija/,4,0,1,0,0,0,0,0,0,0,0,1
https,privatbank.ua,/ua/business/universalnyje-reshenija/torgovaya-viruchka/gtm.start,5,0,1,0,0,0,0,0,0,0,0,1
https,privatbank.ua,/ua/business/universalnyje-reshenija/zarplatnyj-projekt/gtm.start,5,0,1,0,0,0,0,0,0,0,0,1
http,gtbank.com,/images/GTBank%20Annual%20Report%202012%20for%20Upload/Index.html.html,3,0,1,0,0,0,2,0,0,1,0,1
http,hdfcbank.com,/assets/popuppages/important_terms_and_conditions_personal_cards.htm,3,0,1,0,0,0,0,0,0,1,0,1
http,icicibank.com,/nri-banking/RHStemp/interNet-Banking/list-of-service-requests.page,4,0,1,0,0,0,0,0,0,1,0,1
http,icicibank.com,/Personal-Banking/account-deposit/silver-savings-account/index.page,4,0,1,0,0,0,0,0,0,1,0,1
http,icicibank.com,/Personal-Banking/insta-banking/internet-banking/Pockets/index.html,5,0,1,0,0,0,0,0,0,1,0,1
http,icicibank.com,/Personal-Banking/investments/mutual-funds/mutual-fund-offered.page,4,0,1,0,0,0,0,0,0,1,0,1
http,icicibank.com,/Personal-Banking/investments/mutual-funds/mutual-funds-online.page,4,0,1,0,0,0,0,0,0,1,0,1
http,maybank2u.com.my,/mbb_info/m2u/public/onlineBanking.do,4,0,1,0,0,0,2,0,0,1,0,1
http,sberbank.ru,/portalserver/sb-portal-ru/ru/person/bank_cards/credit/cardcreditform,7,0,1,0,0,0,0,0,0,1,0,1
http,sberbank.ru,/portalserver/static/sb-bundle/widgets/SBRF-CONTACTS/SBRF-CONTACTS.js,6,0,1,0,0,0,0,0,0,1,0,1
http,sberbank.ru,/portalserver/static/sb-bundle/widgets/SBR_F_Info_V1/SBR_F_Info_V1.js,6,0,1,0,0,0,0,0,0,1,0,1
http,sberbank.ru,/portalserver/static/sb-bundle/widgets/SBR_PromoTube/SBR_PromoTube.js,6,0,1,0,0,0,0,0,0,1,0,1
http,screenrant.com,/pitch-perfect-2-story-details-elizabeth-banks/,1,0,1,0,0,0,0,1,0,1,0,1
https,privatbank.ua,/ua/business/universalnyje-reshenija/kruglosutochnoe-obslugivanie/,4,0,1,0,0,0,0,0,0,0,0,1
https,privatbank.ua,/ua/business/universalnyje-reshenija/mobilnyj-platezhnyj-terminal/,4,0,1,0,0,0,0,0,0,0,0,1
http,hdfcbank.com,/htdocs/common/give_india/payroll_giving_programme.html,4,0,1,0,0,0,0,0,0,1,0,1
http,hdfcbank.com,/personal/credit_card/credit-card/corporate-world-mastercard/i2yostir,5,0,1,0,0,0,0,0,0,1,0,1
http,hdfcbank.com,/personal/making-payments/pay-bills-and-shop-online/paynowcredit-card,4,0,1,0,0,0,0,0,0,1,0,1
http,hdfcbank.com,/personal/making-payments/pay-bills-phonebanking/billpay-phonebanking,4,0,1,0,0,0,0,0,0,1,0,1
http,hdfcbank.com,/personal/products/loans/loans-against-assets/loan-against-securities,5,0,1,0,0,0,0,0,0,1,0,1
http,hdfcbank.com,/personal/ways-to-bank/bank-with-your-phone/instaalerts-sms-and-email,4,0,1,0,0,0,0,0,0,1,0,1
http,icicibank.com,/Personal-Banking/account-deposit/iwish/share_your_wish_my_goal.page,4,0,1,0,0,0,0,0,0,1,0,1
http,icicibank.com,/Personal-Banking/account-deposit/savings-account/rewards/index.page,5,0,1,0,0,0,0,0,0,1,0,1
http,icicibank.com,/Personal-Banking/account-deposit/Tax-Saver-Fixed-Deposit/index.page,4,0,1,0,0,0,0,0,0,1,0,1
http,icicibank.com,/Personal-Banking/cards/Consumer-Cards/travel-card/travel-cards.page,5,0,1,0,0,0,0,0,0,1,0,1
http,icicibank.com,/Personal-Banking/insurance/general-insurance/general-insurance.page,4,0,1,0,0,0,0,0,0,1,0,1
http,icicibank.com,/Personal-Banking/insurance/life-insurance/terms-life-insurance.page,4,0,1,0,0,0,0,0,0,1,0,1
http,icicibank.com,/Personal-Banking/loans/loan-against-securities/service-charges.page,4,0,1,0,0,0,0,0,0,1,0,1
http,sberbank.ru,/moscow/ru/person/investments/broker_service/tradesystems/margintrade/,7,0,1,0,0,0,0,0,0,1,0,1
http,sberbank.ru,/portalserver/sb-portal-ru/ru/fpartners/purchase/notification/supplier,7,0,1,0,0,0,0,0,0,1,0,1
http,sberbank.ru,/portalserver/sb-portal-ru/ru/person/bank_inshure/pensionprogram/cofin,7,0,1,0,0,0,0,0,0,1,0,1
http,sberbank.ru,/ru/person/bank_cards/credit/ru/person/bank_cards/credit/partners/mts/,10,0,1,0,0,0,0,0,0,1,0,1
https,privatbank.ua,/ua/business/otraslevyje-reshenija-dlya-biznesa/uslugi-dlya-horeca/,4,0,1,0,0,0,0,0,0,0,0,1
https,privatbank.ua,/ua/business/universalnyje-reshenija/kreditovanie-biznesa/gtm.start,5,0,1,0,0,0,0,0,0,0,0,1
http,hdfcbank.com,/nri_banking/loans/loan_against_securities/loan_against_securities.htm,4,0,1,0,0,0,0,0,0,1,0,1
http,hdfcbank.com,/personal/making-payments/pay-bills-and-shop-online/instapaynetbanking,4,0,1,0,0,0,0,0,0,1,0,1
http,icicibank.com,/Personal-Banking/cards/commercial-cards/purchase_feesandcharges.page,4,0,1,0,0,0,0,0,0,1,0,1
http,icicibank.com,/Personal-Banking/cards/prepaid/paydirect-card/serviceandcharges.page,5,0,1,0,0,0,0,0,0,1,0,1
http,icicibank.com,/wealth-management/personal/cameraderie-photography-contest-2014.page,3,0,1,0,0,0,0,0,0,1,0,1
http,nypost.com,/2015/05/05/bank-of-america-to-rent-massive-space-in-rockefeller-center/,4,0,1,0,0,0,0,1,0,1,0,1
http,sberbank.ru,/portalserver/sb-portal-ru/ru/person/bank_inshure/insuranceprogram/life,7,0,1,0,0,0,0,0,0,1,0,1
https,privatbank.ua,/ua/business/universalnyje-reshenija/1s-onlajn-dl-a-vashej-kompanii/,4,0,1,0,0,0,0,0,0,0,0,1
https,privatbank.ua,/ua/business/universalnyje-reshenija/garantyrovanyi-platej/gtm.start,5,0,1,0,0,0,0,0,0,0,0,1
https,privatbank.ua,/ua/business/universalnyje-reshenija/platejnie-trebovanija/gtm.start,5,0,1,0,0,0,0,0,0,0,0,1
https,privatbank.ua,/ua/business/universalnyje-reshenija/prijem-platezhej-ot-naselenija/,4,0,1,0,0,0,0,0,0,0,0,1
https,privatbank.ua,/ua/business/universalnyje-reshenija/zastrahovanniy-kreditniy-limit/,4,0,1,0,0,0,0,0,0,0,0,1
http,gtbank.com,/personalbanking/products/savings-and-investments/smart-kids-save-account,4,0,1,0,0,0,0,0,0,1,0,1
http,hdfcbank.com,/htdocs/common/testimonials/loans/personal_loans.html,5,0,1,0,0,0,0,0,0,1,0,1
http,hdfcbank.com,/nri_banking/investments/portfolio_investment/portfolio_investments.htm,4,0,1,0,0,0,0,0,0,1,0,1
http,hdfcbank.com,/personal/credit_card/credit-card/jetprivilege-hdfc-bank-world/h54vq7yy,5,0,1,0,0,0,0,0,0,1,0,1
http,hdfcbank.com,/personal/find-your-nearest/find-nearest-branch/all-facilities/gxissh3j,5,0,1,0,0,0,0,0,0,1,0,1
http,hdfcbank.com,/personal/making-payments/pay-bills-and-shop-online/directpaynetbanking,4,0,1,0,0,0,0,0,0,1,0,1
http,hdfcbank.com,/personal/products/accounts-and-deposits/deposits/regular-fixed-deposit,5,0,1,0,0,0,0,0,0,1,0,1
http,icicibank.com,/Personal-Banking/account-deposit/savings-account/moneymultiplier.page,4,0,1,0,0,0,0,0,0,1,0,1
http,icicibank.com,/Personal-Banking/cards/commercial-cards/corporate_feesandcharges.page,4,0,1,0,0,0,0,0,0,1,0,1
http,icicibank.com,/Personal-Banking/offers/offer-detail.page,3,0,1,0,0,0,0,0,0,1,0,1
http,icicibank.com,/Personal-Banking/offers/offer-detail.page,3,0,1,0,0,0,0,0,0,1,0,1
http,icicibank.com,/Personal-Banking/offers/offer-detail.page,3,0,1,0,0,0,0,0,0,1,0,1
http,sberbank.ru,/portalserver/sb-portal-ru/ru/investor_relations/disclosure/shareholders,6,0,1,0,0,0,0,0,0,1,0,1
http,sberbank.ru,/portalserver/sb-portal-ru/ru/person/salaryservice/products/credit_cards,7,0,1,0,0,0,0,0,0,1,0,1
http,sberbank.ru,/portalserver/sb-portal-ru/ru/s_m_business/products/insurance/realestate,7,0,1,0,0,0,0,0,0,1,0,1
http,sberbank.ru,/portalserver/static/sb-bundle/widgets/BreadcrumbNavCustom/Breadcrumb.js,6,0,1,0,0,0,0,0,0,1,0,1
https,privatbank.ua,/ua/business/otraslevyje-reshenija-dlya-biznesa/strahovym-kompanijam/,4,0,1,0,0,0,0,0,0,0,0,1
https,privatbank.ua,/ua/business/srednemu-i-krupnomu-biznesu/akkreditivnoe-obsluzhivanie/,4,0,1,0,0,0,0,0,0,0,0,1
https,privatbank.ua,/ua/business/srednemu-i-krupnomu-biznesu/program-bonus-plus/gtm.start,5,0,1,0,0,0,0,0,0,0,0,1
https,privatbank.ua,/ua/business/srednemu-i-krupnomu-biznesu/valyutnie-operacii/gtm.start,5,0,1,0,0,0,0,0,0,0,0,1
https,privatbank.ua,/ua/business/srednemu-i-krupnomu-biznesu/vekselnie-operacii/gtm.start,5,0,1,0,0,0,0,0,0,0,0,1
http,worldoftanks.ru,/ru/content/guide/payments_instruction/terminaly-privatbank-ukraina/,5,0,1,0,0,0,0,0,0,1,0,1
http,worldoftanks.ru,/ru/content/guide/payments_instruction/terminaly-privatbank-ukraina/,5,0,1,0,0,0,0,0,0,1,0,1
http,icicibank.com,/online-services/forex/student-proposition/calculate-your-finances.page,4,0,1,0,0,0,0,0,0,1,0,1
http,icicibank.com,/Personal-Banking/account-deposit/iwish/make_your_wish_create-goal.page,4,0,1,0,0,0,0,0,0,1,0,1
http,icicibank.com,/Personal-Banking/account-deposit/recurring-deposits/documentation.page,4,0,1,0,0,0,0,0,0,1,0,1
http,icicibank.com,/Personal-Banking/account-deposit/savings-account/choose-ac-number.page,4,0,1,0,0,0,0,0,0,1,0,1
http,icicibank.com,/Personal-Banking/account-deposit/savings-account/rewards/partners.page,5,0,1,0,0,0,0,0,0,1,0,1
http,icicibank.com,/Personal-Banking/loans/personal-loan/personal-loan-emi-calculator.page,4,0,1,0,0,0,0,0,0,1,0,1
http,icicibank.com,/Personal-Banking/onlineservice/online-services/FundsTransfer/rtgs.page,5,0,1,0,0,0,0,0,0,1,0,1
http,icicibank.com,/wealth-management/insights/insights-listing.page,3,0,1,0,0,0,0,0,0,1,0,1
http,sberbank.ru,/moscow/ru/person/investments/broker_service/marketsandservices/sektormm/,7,0,1,0,0,0,0,0,0,1,0,1
http,sberbank.ru,/portalserver/sb-portal-ru/en/individualclients/dist_services/inner_apps/,6,0,1,0,0,0,0,0,0,1,0,1
https,paytm.com,/blog/paytm-indias-first-digital-wallet-to-allow-transfer-to-bank-account/,2,0,1,0,0,0,0,0,0,0,0,1
https,privatbank.ua,/ua/business/otraslevyje-reshenija-dlya-biznesa/resheniya-agrobiznesu/,4,0,1,0,0,0,0,0,0,0,0,1
https,privatbank.ua,/ua/business/universalnyje-reshenija/strahovanie-kollektivov/gtm.start,5,0,1,0,0,0,0,0,0,0,0,1
http,hdfcbank.com,/personal/products/cards/debit-cards/easyshop-womans-advantage-debit-card,5,0,1,0,0,0,0,0,0,1,0,1
http,hdfcbank.com,/personal/ways-to-bank/bank-with-your-phone/mobilebanking-app-for-android,4,0,1,0,0,0,0,0,0,1,0,1
http,sberbank.ru,/portalserver/sb-portal-ru/ru/s_m_business/assetsandinvestment/assets/bill,7,0,1,0,0,0,0,0,0,1,0,1
http,sberbank.ru,/portalserver/sb-portal-ru/ru/s_m_business/assetsandinvestment/assets/rest,7,0,1,0,0,0,0,0,0,1,0,1
https,privatbank.ua,/ua/business/universalnyje-reshenija/sms-banking-for-business/gtm.start,5,0,1,0,0,0,0,0,0,0,0,1
http,worldoftanks.ru,/ru/content/guide/payments_instruction/internet-bank-russkij-standart/,5,0,1,0,0,0,0,0,0,1,0,1
http,worldoftanks.ru,/ru/content/guide/payments_instruction/terminals-national-credit-bank/,5,0,1,0,0,0,0,0,0,1,0,1
http,worldoftanks.ru,/ru/content/guide/payments_instruction/terminals-raiffeisen-bank-aval/,5,0,1,0,0,0,0,0,0,1,0,1
http,hdfcbank.com,/nri_banking/accounts/returning_indians/accounts_for_returning_indians.htm,4,0,1,0,0,0,0,0,0,1,0,1
http,hdfcbank.com,/personal/credit_card/credit-card/jetprivilege-hdfc-bank-platinum/h54vq86g,5,0,1,0,0,0,0,0,0,1,0,1
http,hdfcbank.com,/personal/making-payments/pay-bills-and-shop-online/billpay-plusnetbanking,4,0,1,0,0,0,0,0,0,1,0,1
http,hdfcbank.com,/personal/products/accounts-and-deposits/savings-accounts/compare-accounts,5,0,1,0,0,0,0,0,0,1,0,1
http,hdfcbank.com,/personal/ways-to-bank/bank-with-your-phone/mobilebanking,4,0,1,0,0,0,0,0,0,1,0,1
http,icicibank.com,/Personal-Banking/account-deposit/iwish/recurring-deposit-calculator.page,4,0,1,0,0,0,0,0,0,1,0,1
http,icicibank.com,/Personal-Banking/account-deposit/personal-banking-accounts-deposits.page,3,0,1,0,0,0,0,0,0,1,0,1
http,icicibank.com,/Personal-Banking/account-deposit/savings-account/rewards/calculator.page,5,0,1,0,0,0,0,0,0,1,0,1
http,icicibank.com,/Personal-Banking/insurance/general-insurance/health-insurance/index.page,5,0,1,0,0,0,0,0,0,1,0,1
http,sberbank.ru,/portalserver/sb-portal-ru/ru/person/bank_inshure/insuranceprogram/mortgage,7,0,1,0,0,0,0,0,0,1,0,1
http,sberbank.ru,/portalserver/sb-portal-ru/ru/person/investments/confidential_managemen/pif,7,0,1,0,0,0,0,0,0,1,0,1
http,sberbank.ru,/ru/person/bank_cards/credit/ru/person/bank_cards/credit/partners/aeroflot/,10,0,1,0,0,0,0,0,0,1,0,1
https,privatbank.ua,/ua/business/otraslevyje-reshenija-dlya-biznesa/torgovym-predprijatijam/,4,0,1,0,0,0,0,0,0,0,0,1
https,privatbank.ua,/ua/business/srednemu-i-krupnomu-biznesu/kadrovaja-bezopasnost/gtm.start,5,0,1,0,0,0,0,0,0,0,0,1
http,worldoftanks.ru,/ru/content/guide/payments_instruction/payment-instruction-credex-bank/,5,0,1,0,0,0,0,0,0,1,0,1
http,icicibank.com,/Personal-Banking/account-deposit/iwish/share_your_wish_contributions.page,4,0,1,0,0,0,0,0,0,1,0,1
http,icicibank.com,/Personal-Banking/insurance/general-insurance/health-insurance/claims.page,5,0,1,0,0,0,0,0,0,1,0,1
http,icicibank.com,/Personal-Banking/offers/offer-detail.page,3,0,1,0,0,0,0,0,0,1,0,1
http,sberbank.ru,/moscow/ru/person/bank_inshure/insuranceprogram/cardholder/company_list_bank,7,0,1,0,0,0,0,0,0,1,0,1
http,sberbank.ru,/moscow/ru/person/investments/broker_service/marketsandservices/derivatives/,7,0,1,0,0,0,0,0,0,1,0,1
https,privatbank.ua,/ua/business/otraslevyje-reshenija-dlya-biznesa/budzhetnym-organizacijam/,4,0,1,0,0,0,0,0,0,0,0,1
https,privatbank.ua,/ua/business/otraslevyje-reshenija-dlya-biznesa/uslugi-dlya-horeca/gtm.js,5,0,1,0,0,0,0,0,0,0,0,1
https,privatbank.ua,/ua/business/universalnyje-reshenija/kreditnij-limit-na-raschetnij-schet/,4,0,1,0,0,0,0,0,0,0,0,1
http,hdfcbank.com,/personal/products/accounts-and-deposits/savings-accounts/savingsmax-account,5,0,1,0,0,0,0,0,0,1,0,1
http,hdfcbank.com,/personal/products/cards/debit-cards/jetprivilege-hdfc-bank-world-debit-card,5,0,1,0,0,0,0,0,0,1,0,1
http,sberbank.ru,/portalserver/sb-portal-ru/ru/s_m_business/bankingservice/cards/salaryproject,7,0,1,0,0,0,0,0,0,1,0,1
http,sberbank.ru,/portalserver/sb-portal-ru/ru/s_m_business/bankingservice/remoteservice/other,7,0,1,0,0,0,0,0,0,1,0,1
http,icicibank.com,/Personal-Banking/cards/debit-card/debit-cards/the-gemstone-collection.page,5,0,1,0,0,0,0,0,0,1,0,1
http,icicibank.com,/Personal-Banking/insta-banking/internet-banking/twitter-banking/index.page,5,0,1,0,0,0,0,0,0,1,0,1
http,icicibank.com,/Personal-Banking/offers/offer-detail.page,3,0,1,0,0,0,0,0,0,1,0,1
http,icicibank.com,/Personal-Banking/onlineservice/online-services/Shopping/shopping-help.page,5,0,1,0,0,0,0,0,0,1,0,1
https,privatbank.ua,/ua/business/srednemu-i-krupnomu-biznesu/uchet-rabochego-vremeni/gtm.start,5,0,1,0,0,0,0,0,0,0,0,1
https,privatbank.ua,/ua/business/universalnyje-reshenija/terminal-samoobsluzhivanija/gtm.start,5,0,1,0,0,0,0,0,0,0,0,1
http,hdfcbank.com,/personal/making-payments/pay-bills-and-shop-online/registerandpaycredit-card,4,0,1,0,0,0,0,0,0,1,0,1
http,hdfcbank.com,/personal/products/accounts-and-deposits/current-accounts/max-current-account,5,0,1,0,0,0,0,0,0,1,0,1
http,hdfcbank.com,/personal/products/loans/educational-loan/education-loan-for-indian-education,5,0,1,0,0,0,0,0,0,1,0,1
http,hdfcbank.com,/sme/accounts-and-deposits/current-accounts/current-account-for-professionals,4,0,1,0,0,0,0,0,0,1,0,1
http,icicibank.com,/Personal-Banking/account-deposit/advantage-woman-savings-account/index.page,4,0,1,0,0,0,0,0,0,1,0,1
http,icicibank.com,/Personal-Banking/loans/two-wheeler-loan/two-wheeler-loan-interest-rate.page,4,0,1,0,0,0,0,0,0,1,0,1
http,icicibank.com,/Personal-Banking/offers/offer-detail.page,3,0,1,0,0,0,0,0,0,1,0,1
http,icicibank.com,/Personal-Banking/onlineservice/online-services/billpayment/billpayment.page,5,0,1,0,0,0,0,0,0,1,0,1
http,icicibank.com,/Personal-Banking/onlineservice/online-services/shopping-vouchers/index.page,5,0,1,0,0,0,0,0,0,1,0,1
http,sberbank.ru,/portalserver/sb-portal-ru/ru/s_m_business/assetsandinvestment/assets/deposits,7,0,1,0,0,0,0,0,0,1,0,1
http,sberbank.ru,/portalserver/sb-portal-ru/ru/s_m_business/bankingservice/cards/corporatecards,7,0,1,0,0,0,0,0,0,1,0,1
http,sberbank.ru,/portalserver/sb-portal-ru/ru/s_m_business/bankingservice/remoteservice/mobile,7,0,1,0,0,0,0,0,0,1,0,1
http,sberbank.ru,/portalserver/sb-portal-ru/ru/s_m_business/bankingservice/remoteservice/tablet,7,0,1,0,0,0,0,0,0,1,0,1
https,privatbank.ua,/ua/business/universalnyje-reshenija/depozity-dlya-korporativnyh-kliyentov/,4,0,1,0,0,0,0,0,0,0,0,1
https,privatbank.ua,/ua/business/universalnyje-reshenija/kruglosutochnoe-obslugivanie/gtm.start,5,0,1,0,0,0,0,0,0,0,0,1
https,privatbank.ua,/ua/business/universalnyje-reshenija/mobilnyj-platezhnyj-terminal/gtm.start,5,0,1,0,0,0,0,0,0,0,0,1
http,gtbank.com,/modules/mod_image_show_gk4/styles/gk_supersized/theme/supersized.shutter.min.js,6,0,1,0,0,0,1,0,0,1,0,1
http,hdfcbank.com,/personal/making-payments/tax-payment/online-payment-of-excise-and-service-tax,4,0,1,0,0,0,0,0,0,1,0,1
http,hdfcbank.com,/personal/products/accounts-and-deposits/current-accounts/apex-current-account,5,0,1,0,0,0,0,0,0,1,0,1
http,hdfcbank.com,/personal/products/cards/debit-cards/easyshop-imperia-platinum-chip-debit-card,5,0,1,0,0,0,0,0,0,1,0,1
http,hdfcbank.com,/personal/products/loans/educational-loan/education-loan-for-foreign-education,5,0,1,0,0,0,0,0,0,1,0,1
http,icicibank.com,/Personal-Banking/loans/commercial-vehicle/commercial-loan-interest-rate.page,4,0,1,0,0,0,0,0,0,1,0,1
http,icicibank.com,/Personal-Banking/offers/offer-detail.page,3,0,1,0,0,0,0,0,0,1,0,1
http,icicibank.com,/Personal-Banking/offers/offer-detail.page,3,0,1,0,0,0,0,0,0,1,0,1
http,icicibank.com,/wealth-management/offers/offer-detail.page,3,0,1,0,0,0,0,0,0,1,0,1
https,privatbank.ua,/ua/business/otraslevyje-reshenija-dlya-biznesa/uslugi-dlya-horeca/gtm.start,5,0,1,0,0,0,0,0,0,0,0,1
https,privatbank.ua,/ua/business/srednemu-i-krupnomu-biznesu/raschetno-kassovoye-obsluzhivaniye/,4,0,1,0,0,0,0,0,0,0,0,1
http,hdfcbank.com,/htdocs/wholesale/fit/banks/clearing_sub_membership/Clearing_Sub_Membership.htm,6,0,1,0,0,0,0,0,0,1,0,1
http,hdfcbank.com,/personal/products/accounts-and-deposits/current-accounts/flexi-current-account,5,0,1,0,0,0,0,0,0,1,0,1
http,hdfcbank.com,/personal/products/accounts-and-deposits/salary-accounts/defence-salary-account,5,0,1,0,0,0,0,0,0,1,0,1
http,hdfcbank.com,/personal/products/accounts-and-deposits/salary-accounts/premium-salary-account,5,0,1,0,0,0,0,0,0,1,0,1
http,icicibank.com,/Personal-Banking/cards/prepaid/indian-rupee-travel-card/fees-and-charges.page,5,0,1,0,0,0,0,0,0,1,0,1
http,icicibank.com,/Personal-Banking/cards/prepaid/Saral_Money_Prepaid_Card/fees-and-charges.page,5,0,1,0,0,0,0,0,0,1,0,1
http,icicibank.com,/Personal-Banking/insta-banking/internet-banking/cardless-cash-withdrawal.page,4,0,1,0,0,0,0,0,0,1,0,1
http,icicibank.com,/Personal-Banking/insta-banking/internet-banking/list-of-service-requests.page,4,0,1,0,0,0,0,0,0,1,0,1
http,icicibank.com,/Personal-Banking/offers/offer-detail.page,3,0,1,0,0,0,0,0,0,1,0,1
http,icicibank.com,/Personal-Banking/onlineservice/online-services/DTH-Recharge/dth-recharge.page,5,0,1,0,0,0,0,0,0,1,0,1
http,sberbank.ru,/portalserver/sb-portal-ru/ru/person/bank_inshure/insuranceprogram/protect_folks,7,0,1,0,0,0,0,0,0,1,0,1
http,sberbank.ru,/portalserver/sb-portal-ru/ru/person/salaryservice/products/credit_salaryservice,7,0,1,0,0,0,0,0,0,1,0,1
https,privatbank.ua,/ua/business/otraslevyje-reshenija-dlya-biznesa/uslugi-dl-a-internet-biznesa/,4,0,1,0,0,0,0,0,0,0,0,1
https,privatbank.ua,/ua/business/otraslevyje-reshenija-dlya-biznesa/uslugi-dlya-horeca/js/PIE.htc,6,0,1,0,0,0,0,0,0,0,0,1
https,privatbank.ua,/ua/business/universalnyje-reshenija/1s-onlajn-dl-a-vashej-kompanii/gtm.start,5,0,1,0,0,0,0,0,0,0,0,1
https,privatbank.ua,/ua/business/universalnyje-reshenija/kreditovanie-biznesa/kredit-pod-depozit/,5,0,1,0,0,0,0,0,0,0,0,1
https,privatbank.ua,/ua/business/universalnyje-reshenija/prijem-platezhej-ot-naselenija/gtm.start,5,0,1,0,0,0,0,0,0,0,0,1
http,hdfcbank.com,/personal/find-your-nearest/find-credit-card-helpline-numbers,3,0,1,0,0,0,0,0,0,1,0,1
http,hdfcbank.com,/personal/products/accounts-and-deposits/current-accounts/ultima-current-account,5,0,1,0,0,0,0,0,0,1,0,1
http,icicibank.com,/Personal-Banking/insta-banking/internet-banking/pockets-on-facebook/index.page,5,0,1,0,0,0,0,0,0,1,0,1
http,icicibank.com,/Personal-Banking/insurance/general-insurance/motor-insurance/motor-claims.page,5,0,1,0,0,0,0,0,0,1,0,1
http,icicibank.com,/Personal-Banking/offers/offer-detail.page,3,0,1,0,0,0,0,0,0,1,0,1
http,sberbank.ru,/portalserver/sb-portal-ru/ru/s_m_business/assetsandinvestment/assets/certificate,7,0,1,0,0,0,0,0,0,1,0,1
https,privatbank.ua,/ua/business/otraslevyje-reshenija-dlya-biznesa/strahovym-kompanijam/gtm.start,5,0,1,0,0,0,0,0,0,0,0,1
https,privatbank.ua,/ua/business/srednemu-i-krupnomu-biznesu/akkreditivnoe-obsluzhivanie/gtm.start,5,0,1,0,0,0,0,0,0,0,0,1
http,hdfcbank.com,/personal/making-payments/security-measures/verified-by-visamastercard-securecode,4,0,1,0,0,0,0,0,0,1,0,1
http,hdfcbank.com,/personal/products/accounts-and-deposits/current-accounts/premium-current-account,5,0,1,0,0,0,0,0,0,1,0,1
http,hdfcbank.com,/personal/products/accounts-and-deposits/current-accounts/regular-current-account,5,0,1,0,0,0,0,0,0,1,0,1
http,hdfcbank.com,/personal/products/accounts-and-deposits/savings-accounts/regular-savings-account,5,0,1,0,0,0,0,0,0,1,0,1
http,hdfcbank.com,/personal/products/accounts-and-deposits/savings-accounts/senior-citizens-account,5,0,1,0,0,0,0,0,0,1,0,1
http,hdfcbank.com,/personal/products/loans/rural-loans/retail-agri-loans-kisan-card-kisan-gold-card,5,0,1,0,0,0,0,0,0,1,0,1
http,hdfcbank.com,/personal/ways-to-bank/bank-with-your-phone/mobilebanking/banking-app-for-tablets,5,0,1,0,0,0,0,0,0,1,0,1
http,icicibank.com,/business-banking/transation-banking/trade-current-ac/trade-current-account.page,4,0,1,0,0,0,0,0,0,1,0,1
http,icicibank.com,/Personal-Banking/offers/offer-detail.page,3,0,1,0,0,0,0,0,0,1,0,1
http,icicibank.com,/Personal-Banking/onlineservice/online-services/FundsTransfer/fund-transfer.page,5,0,1,0,0,0,0,0,0,1,0,1
http,sberbank.ru,/portalserver/sb-portal-ru/ru/person/paymentsandremittances/remittance/out/nal_int,8,0,1,0,0,0,0,0,0,1,0,1
http,sberbank.ru,/portalserver/static/sb-bundle/widgets/SBR_personalRates/SBR_raphaelCompilation.js,6,0,1,0,0,0,0,0,0,1,0,1
https,privatbank.ua,/ua/business/otraslevyje-reshenija-dlya-biznesa/resheniya-agrobiznesu/gtm.start,5,0,1,0,0,0,0,0,0,0,0,1
http,gtbank.com,/personalbanking/cards/mastercard/gtbank-dollar-credit-cards/gtbank-world-mastercard,5,0,1,0,0,0,0,0,0,1,0,1
http,hdfcbank.com,/personal/find-your-nearest/Multipaypoint-for-Tax-Bills-Fees-Donations-CreditCards,3,0,1,0,0,0,0,0,0,1,0,1
http,hdfcbank.com,/personal/making-payments/fund-transfer/emonies-national-electronic-funds-transfer,4,0,1,0,0,0,0,0,0,1,0,1
http,hdfcbank.com,/personal/products/accounts-and-deposits/rural-accounts/kisan-club-savings-account,5,0,1,0,0,0,0,0,0,1,0,1
http,icicibank.com,/Personal-Banking/account-deposit/privilege-banking/titanium-privilege/index.page,5,0,1,0,0,0,0,0,0,1,0,1
http,icicibank.com,/Personal-Banking/insta-banking/internet-banking/bank-mobile-site/mobile-web.page,5,0,1,0,0,0,0,0,0,1,0,1
http,icicibank.com,/Personal-Banking/offers/offer-detail.page,3,0,1,0,0,0,0,0,0,1,0,1
http,icicibank.com,/Personal-Banking/offers/offer-detail.page,3,0,1,0,0,0,0,0,0,1,0,1
http,icicibank.com,/Personal-Banking/onlineservice/online-services/online-tax-payment/onlinetax.page,5,0,1,0,0,0,0,0,0,1,0,1
http,sberbank.ru,/portalserver/sb-portal-ru/ru/s_m_business/bankingservice/remoteservice/e-invoicing,7,0,1,0,0,0,0,0,0,1,0,1
http,sberbank.ru,/portalserver/static/bb-resources/js/portallibs-core.min.js,5,0,1,0,0,0,1,0,0,1,0,1
https,privatbank.ua,/ua/news/16-maja-privatbank-priglashajet-prisojedinit-s-a-k-zelenomu-subbotniku/,3,0,1,0,0,0,0,0,0,0,0,1
http,hdfcbank.com,/personal/making-payments/pay-bills-debit-cards/standing-instructions-on-debit-card,4,0,1,0,0,0,0,0,0,1,0,1
http,icicibank.com,/Personal-Banking/offers/offer-detail.page,3,0,1,0,0,0,0,0,0,1,0,1
http,icicibank.com,/Personal-Banking/offers/offer-detail.page,3,0,1,0,0,0,0,0,0,1,0,1
http,icicibank.com,/Personal-Banking/offers/offer-detail.page,3,0,1,0,0,0,0,0,0,1,0,1
http,icicibank.com,/Personal-Banking/offers/offer-detail.page,3,0,1,0,0,0,0,0,0,1,0,1
http,icicibank.com,/Personal-Banking/onlineservice/online-services/online-tax-payment/manage-tax.page,5,0,1,0,0,0,0,0,0,1,0,1
http,icicibank.com,/Personal-Banking/onlineservice/online-services/quick-Bill-pay/quick-bill-pay.page,5,0,1,0,0,0,0,0,0,1,0,1
http,icicibank.com,/wealth-management/offers/offer-detail.page,3,0,1,0,0,0,0,0,0,1,0,1
http,sberbank.ru,/portalserver/sb-portal-ru/ru/person/paymentsandremittances/remittance/in/beznal_rus,8,0,1,0,0,0,0,0,0,1,0,1
https,privatbank.ua,/ua/business/otraslevyje-reshenija-dlya-biznesa/torgovym-predprijatijam/gtm.start,5,0,1,0,0,0,0,0,0,0,0,1
https,privatbank.ua,/ua/business/srednemu-i-krupnomu-biznesu/finansirovanije-mezhdunarodnoj-torgovli/,4,0,1,0,0,0,0,0,0,0,0,1
http,hdfcbank.com,/personal/products/loans/educational-loan/central-government-interest-subsidy-scheme,5,0,1,0,0,0,0,0,0,1,0,1
http,icicibank.com,/Personal-Banking/offers/offer-detail.page,3,0,1,0,0,0,0,0,0,1,0,1
http,icicibank.com,/Personal-Banking/offers/offer-detail.page,3,0,1,0,0,0,0,0,0,1,0,1
http,icicibank.com,/wealth-management/offers/offer-detail.page,3,0,1,0,0,0,0,0,0,1,0,1
http,maybank2u.com.my,/mbb_info/m2u/public/personalBanking.do,4,0,1,0,0,0,2,0,0,1,0,1
http,sberbank.ru,/portalserver/sb-portal-ru/ru/person/paymentsandremittances/remittance/out/beznal_int,8,0,1,0,0,0,0,0,0,1,0,1
http,sberbank.ru,/portalserver/static/bb-resources/css/portallibs-core.min.css,5,0,1,0,0,0,1,0,0,1,0,1
https,privatbank.ua,/ua/business/otraslevyje-reshenija-dlya-biznesa/budzhetnym-organizacijam/gtm.start,5,0,1,0,0,0,0,0,0,0,0,1
https,privatbank.ua,/ua/business/universalnyje-reshenija/kreditnij-limit-na-raschetnij-schet/gtm.start,5,0,1,0,0,0,0,0,0,0,0,1
https,privatbank.ua,/ua/pokupka-zheleznodorozhnyh-avtobusnyh-aviabiletov-po-besplatnomu-telefonu-3700/,2,0,1,0,0,0,0,0,0,0,0,1
http,hdfcbank.com,/htdocs/wholesale/fit/financial_institutions/custodial_services/custodial_service.htm,6,0,1,0,0,0,0,0,0,1,0,1
http,hdfcbank.com,/personal/making-payments/pay-bills-and-shop-online/prepaid-mobile-rechargenetbanking,4,0,1,0,0,0,0,0,0,1,0,1
http,hdfcbank.com,/personal/ways-to-bank/bank-with-your-phone/mobilebanking/mobilebanking-app-for-nokia,5,0,1,0,0,0,0,0,0,1,0,1
http,icicibank.com,/Personal-Banking/account-deposit/lifeplus-senior-citizen-savings-account/index.page,4,0,1,0,0,0,0,0,0,1,0,1
http,icicibank.com,/Personal-Banking/account-deposit/privilege-banking/gold-privilege/spe-puregold.page,5,0,1,0,0,0,0,0,0,1,0,1
http,icicibank.com,/Personal-Banking/insurance/general-insurance/health-insurance/personal-protect.page,5,0,1,0,0,0,0,0,0,1,0,1
http,icicibank.com,/Personal-Banking/insurance/general-insurance/travel-insurance/travel-insurance.page,5,0,1,0,0,0,0,0,0,1,0,1
http,icicibank.com,/Personal-Banking/offers/offer-detail.page,3,0,1,0,0,0,0,0,0,1,0,1
http,icicibank.com,/Personal-Banking/offers/offer-detail.page,3,0,1,0,0,0,0,0,0,1,0,1
http,icicibank.com,/Personal-Banking/offers/offer-detail.page,3,0,1,0,0,0,0,0,0,1,0,1
http,icicibank.com,/Personal-Banking/offers/offer-detail.page,3,0,1,0,0,0,0,0,0,1,0,1
http,icicibank.com,/Personal-Banking/offers/offer-detail.page,3,0,1,0,0,0,0,0,0,1,0,1
http,icicibank.com,/Personal-Banking/offers/offer-detail.page,3,0,1,0,0,0,0,0,0,1,0,1
http,icicibank.com,/wealth-management/offers/offer-detail.page,3,0,1,0,0,0,0,0,0,1,0,1
http,motthegioi.vn,/nhip-cau-doanh-nghiep/cu-hattrick-cua-vietinbank-tai-giai-sao-khue-2015-181091.html,2,0,1,0,0,0,0,0,0,1,0,1
https,privatbank.ua,/ua/business/universalnyje-reshenija/internet-bank-privat24-dlya-juridicheskih-lic/,4,0,1,0,0,0,0,0,0,0,0,1
http,hdfcbank.com,/personal/making-payments/pay-bills-and-shop-online/smartpaysmartpay-onlinecredit-card,4,0,1,0,0,0,0,0,0,1,0,1
http,hdfcbank.com,/personal/ways-to-bank/bank-with-your-phone/mobilebanking/mobilebanking-app-for-iphone,5,0,1,0,0,0,0,0,0,1,0,1
http,icicibank.com,/Personal-Banking/offers/offer-detail.page,3,0,1,0,0,0,0,0,0,1,0,1
http,icicibank.com,/Personal-Banking/offers/offer-detail.page,3,0,1,0,0,0,0,0,0,1,0,1
http,icicibank.com,/Personal-Banking/offers/offer-detail.page,3,0,1,0,0,0,0,0,0,1,0,1
http,icicibank.com,/Personal-Banking/offers/offer-detail.page,3,0,1,0,0,0,0,0,0,1,0,1
http,icicibank.com,/Personal-Banking/offers/offer-detail.page,3,0,1,0,0,0,0,0,0,1,0,1
http,icicibank.com,/Personal-Banking/offers/offer-detail.page,3,0,1,0,0,0,0,0,0,1,0,1
http,icicibank.com,/Personal-Banking/offers/offer-detail.page,3,0,1,0,0,0,0,0,0,1,0,1
http,icicibank.com,/Personal-Banking/offers/offer-detail.page,3,0,1,0,0,0,0,0,0,1,0,1
http,icicibank.com,/wealth-management/offers/offer-detail.page,3,0,1,0,0,0,0,0,0,1,0,1
https,archive.org,/search.php,1,0,1,0,0,0,0,0,0,0,0,1
http,sberbank.ru,/portalserver/sb-portal-ru/ru/person/salaryservice/products/dist_services_salaryservice,7,0,1,0,0,0,0,0,0,1,0,1
http,sberbank.ru,/ru/person/bank_cards/ru/person/bank_cards/debet/order_debet_card,8,0,1,0,0,0,0,0,0,1,0,1
http,sberbank.ru,/ru/s_m_business/assetsandinvestment/ongr/broker_service/tariffsanddocuments/documents/,7,0,1,0,0,0,0,0,0,1,0,1
https,privatbank.ua,/ua/business/universalnyje-reshenija/depozity-dlya-korporativnyh-kliyentov/gtm.start,5,0,1,0,0,0,0,0,0,0,0,1
http,hdfcbank.com,/personal/products/accounts-and-deposits/current-accounts/institutional-current-account,5,0,1,0,0,0,0,0,0,1,0,1
http,hdfcbank.com,/personal/products/accounts-and-deposits/savings-accounts/institutional-savings-account,5,0,1,0,0,0,0,0,0,1,0,1
http,hdfcbank.com,/personal/ways-to-bank/bank-with-your-phone/mobilebanking/mobilebanking-app-for-windows,5,0,1,0,0,0,0,0,0,1,0,1
http,hdfcbank.com,/personal/ways-to-bank/bank-with-your-phone/mobilebanking/mobilebanking-through-browser,5,0,1,0,0,0,0,0,0,1,0,1
http,icicibank.com,/Personal-Banking/offers/offer-detail.page,3,0,1,0,0,0,0,0,0,1,0,1
http,icicibank.com,/Personal-Banking/offers/offer-detail.page,3,0,1,0,0,0,0,0,0,1,0,1
http,icicibank.com,/Personal-Banking/offers/offer-detail.page,3,0,1,0,0,0,0,0,0,1,0,1
http,icicibank.com,/Personal-Banking/offers/offer-detail.page,3,0,1,0,0,0,0,0,0,1,0,1
http,icicibank.com,/Personal-Banking/offers/offer-detail.page,3,0,1,0,0,0,0,0,0,1,0,1
http,sberbank.ru,/portalserver/sb-portal-ru/ru/person/paymentsandremittances/payments/mobile/autopayment/,8,0,1,0,0,0,0,0,0,1,0,1
http,sberbank.ru,/ru/person/bank_cards/ru/person/bank_cards/debet/order_debet_card/,8,0,1,0,0,0,0,0,0,1,0,1
https,privatbank.ua,/ua/business/srednemu-i-krupnomu-biznesu/raschetno-kassovoye-obsluzhivaniye/gtm.start,5,0,1,0,0,0,0,0,0,0,0,1
https,privatbank.ua,/ua/perevod-zarplaty-s-kart-drugih-bankov-na-kartu-dl-a-vyplat-regul-arnym-platezhom/,2,0,1,0,0,0,0,0,0,0,0,1
http,gtbank.com,/media-centre/gtbank-in-the-news/50-media/subsidiary-news/518-gtbank-expands-to-cape-coast,5,0,1,0,0,0,0,0,0,1,0,1
http,icicibank.com,/Personal-Banking/cards/Consumer-Cards/Debit-Card/expressions-card/expression-card.html,6,0,1,0,0,0,0,0,0,1,0,1
http,icicibank.com,/Personal-Banking/offers/offer-detail.page,3,0,1,0,0,0,0,0,0,1,0,1
http,icicibank.com,/Personal-Banking/offers/offer-detail.page,3,0,1,0,0,0,0,0,0,1,0,1
http,icicibank.com,/Personal-Banking/offers/offer-detail.page,3,0,1,0,0,0,0,0,0,1,0,1
http,icicibank.com,/Personal-Banking/offers/offer-detail.page,3,0,1,0,0,0,0,0,0,1,0,1
http,icicibank.com,/Personal-Banking/offers/offer-detail.page,3,0,1,0,0,0,0,0,0,1,0,1
http,sberbank.ru,/portalserver/static/sb-bundle/containers/standalone_grids/SBRF_Base_Grid/js/container.js,8,0,1,0,0,0,0,0,0,1,0,1
https,privatbank.ua,/ua/business/otraslevyje-reshenija-dlya-biznesa/uslugi-dl-a-internet-biznesa/gtm.start,5,0,1,0,0,0,0,0,0,0,0,1
https,privatbank.ua,/ua/business/universalnyje-reshenija/kreditovanie-biznesa/kredit-pod-depozit/gtm.start,6,0,1,0,0,0,0,0,0,0,0,1
https,privatbank.ua,/ua/business/universalnyje-reshenija/regulyarnie-platezhi-dlya-korporativnih-klientov/,4,0,1,0,0,0,0,0,0,0,0,1
http,icicibank.com,/Personal-Banking/offers/offer-detail.page,3,0,1,0,0,0,0,0,0,1,0,1
http,icicibank.com,/Personal-Banking/offers/offer-detail.page,3,0,1,0,0,0,0,0,0,1,0,1
http,icicibank.com,/Personal-Banking/onlineservice/online-services/DataCardRecharge/data-card-recharge.page,5,0,1,0,0,0,0,0,0,1,0,1
http,icicibank.com,/wealth-management/offers/offer-detail.page,3,0,1,0,0,0,0,0,0,1,0,1
https,privatbank.ua,/ua/business/universalnyje-reshenija/platezhi-po-telefonu-dlya-korporativnyh-klijentov/,4,0,1,0,0,0,0,0,0,0,0,1
http,hdfcbank.com,/personal/ways-to-bank/bank-with-your-phone/mobilebanking/mobilebanking-app-for-blackberry,5,0,1,0,0,0,0,0,0,1,0,1
http,icicibank.com,/Personal-Banking/offers/offer-detail.page,3,0,1,0,0,0,0,0,0,1,0,1
http,icicibank.com,/Personal-Banking/offers/offer-detail.page,3,0,1,0,0,0,0,0,0,1,0,1
http,maybank2u.com.my,/mbb_info/m2u/public/customerService.do,4,0,1,0,0,0,2,0,0,1,0,1
https,privatbank.ua,/ua/business/universalnyje-reshenija/oplata-chastyami-i-mgnovennaya-rassrochka/gtm.start,5,0,1,0,0,0,0,0,0,0,0,1
http,correios.com.br,/para-sua-empresa/marketing-direto/cases/fidelizar-clientes/imagens/CaseCitibank_315.jpg,6,0,1,0,0,0,2,0,0,1,0,1
http,hdfcbank.com,/sme/accounts-and-deposits/current-accounts/current-account-for-hospitals-and-nursing-homes,4,0,1,0,0,0,0,0,0,1,0,1
http,icicibank.com,/Personal-Banking/offers/offer-detail.page,3,0,1,0,0,0,0,0,0,1,0,1
http,icicibank.com,/Personal-Banking/offers/offer-detail.page,3,0,1,0,0,0,0,0,0,1,0,1
http,icicibank.com,/Personal-Banking/offers/offer-detail.page,3,0,1,0,0,0,0,0,0,1,0,1
http,icicibank.com,/Personal-Banking/offers/offer-detail.page,3,0,1,0,0,0,0,0,0,1,0,1
http,icicibank.com,/Personal-Banking/offers/offer-detail.page,3,0,1,0,0,0,0,0,0,1,0,1
http,icicibank.com,/Personal-Banking/offers/offer-detail.page,3,0,1,0,0,0,0,0,0,1,0,1
http,maybank2u.com.my,/mbb_info/m2u/public/customerService.do,4,0,1,0,0,0,2,0,0,1,0,1
https,privatbank.ua,/ua/news/16-maja-privatbank-priglashajet-prisojedinit-s-a-k-zelenomu-subbotniku/gtm.start,4,0,1,0,0,0,0,0,0,0,0,1
http,hdfcbank.com,/personal/products/accounts-and-deposits/current-accounts/merchant-advantage-current-account,5,0,1,0,0,0,0,0,0,1,0,1
http,hdfcbank.com,/personal/products/accounts-and-deposits/savings-accounts/basic-savings-bank-deposit-account,5,0,1,0,0,0,0,0,0,1,0,1
http,hdfcbank.com,/sme/financing-your-business/working-capital-finance/turnover-less-than-equal-to-rs-5-crores,4,0,1,0,0,0,0,0,0,1,0,1
http,icicibank.com,/Personal-Banking/insurance/general-insurance/health-insurance/health-insurance-claims.page,5,0,1,0,0,0,0,0,0,1,0,1
http,icicibank.com,/Personal-Banking/offers/offer-detail.page,3,0,1,0,0,0,0,0,0,1,0,1
http,sberbank.ru,/portalserver/sb-portal-ru/ru/person/paymentsandremittances/remittance/in/nal_rus/kolibry_rus,9,0,1,0,0,0,0,0,0,1,0,1
http,sberbank.ru,/portalserver/static/backbase.com.2012.aurora/build/aurora-lib.min.js,5,0,1,0,0,0,1,0,0,1,0,1
https,privatbank.ua,/ua/business/srednemu-i-krupnomu-biznesu/finansirovanije-mezhdunarodnoj-torgovli/gtm.start,5,0,1,0,0,0,0,0,0,0,0,1
http,gtbank.com,/media-centre/gtbank-in-the-news/14-media/press-releases/602-gtbank-appoints-new-board-chairman,5,0,1,0,0,0,0,0,0,1,0,1
http,icicibank.com,/Personal-Banking/cards/Consumer-Cards/Credit-Card/low-interest-emi-products/plcc/index.page,7,0,1,0,0,0,0,0,0,1,0,1
http,icicibank.com,/Personal-Banking/offers/offer-detail.page,3,0,1,0,0,0,0,0,0,1,0,1
http,sberbank.ru,/portalserver/sb-portal-ru/ru/person/paymentsandremittances/remittance/in/nal_rus/nal_sber_rus,9,0,1,0,0,0,0,0,0,1,0,1
http,sberbank.ru,/portalserver/sb-portal-ru/ru/person/paymentsandremittances/remittance/out/nal_int/nal_val_int,9,0,1,0,0,0,0,0,0,1,0,1
https,privatbank.ua,/ua/pokupka-zheleznodorozhnyh-avtobusnyh-aviabiletov-po-besplatnomu-telefonu-3700/gtm.start,3,0,1,0,0,0,0,0,0,0,0,1
https,privatbank.ua,/ua/pokupka-zheleznodorozhnyh-avtobusnyh-aviabiletov-po-besplatnomu-telefonu-3700/gtm.start,3,0,1,0,0,0,0,0,0,0,0,1
https,privatbank.ua,/ua/business/universalnyje-reshenija/internet-bank-privat24-dlya-juridicheskih-lic/gtm.start,5,0,1,0,0,0,0,0,0,0,0,1
http,hdfcbank.com,/personal/making-payments/tax-payment/online-payment-of-taxes-to-the-pune-municipal-corporation,4,0,1,0,0,0,0,0,0,1,0,1
http,icicibank.com,/Personal-Banking/insurance/general-insurance/motor-insurance/car-insurance/car-insurance.page,6,0,1,0,0,0,0,0,0,1,0,1
http,icicibank.com,/Personal-Banking/offers/offer-detail.page,3,0,1,0,0,0,0,0,0,1,0,1
http,icicibank.com,/Personal-Banking/offers/offer-detail.page,3,0,1,0,0,0,0,0,0,1,0,1
http,maybank2u.com.my,/mbb_info/m2u/public/customerService.do,4,0,1,0,0,0,2,0,0,1,0,1
http,icicibank.com,/Personal-Banking/offers/offer-detail.page,3,0,1,0,0,0,0,0,0,1,0,1
https,privatbank.ua,/ua/perevod-zarplaty-s-kart-drugih-bankov-na-kartu-dl-a-vyplat-regul-arnym-platezhom/gtm.start,3,0,1,0,0,0,0,0,0,0,0,1
http,hdfcbank.com,/personal/products/accounts-and-deposits/current-accounts/merchant-advantage-plus-current-account,5,0,1,0,0,0,0,0,0,1,0,1
http,icicibank.com,/Personal-Banking/offers/offer-detail.page,3,0,1,0,0,0,0,0,0,1,0,1
http,icicibank.com,/Personal-Banking/offers/offer-detail.page,3,0,1,0,0,0,0,0,0,1,0,1
http,maybank2u.com.my,/mbb_info/m2u/public/personalChannel01.do,4,0,1,0,0,0,2,0,0,1,0,1
http,maybank2u.com.my,/mbb_info/m2u/public/personalChannel01.do,4,0,1,0,0,0,2,0,0,1,0,1
http,sberbank.ru,/portalserver/sb-portal-ru/ru/person/paymentsandremittances/remittance/in/beznal_rus/beznal_cc_rus,9,0,1,0,0,0,0,0,0,1,0,1
http,sberbank.ru,/portalserver/sb-portal-ru/ru/person/paymentsandremittances/remittance/in/beznal_rus/beznal_cs_rus,9,0,1,0,0,0,0,0,0,1,0,1
http,sberbank.ru,/portalserver/sb-portal-ru/ru/person/paymentsandremittances/remittance/in/beznal_rus/beznal_sc_rus,9,0,1,0,0,0,0,0,0,1,0,1
http,sberbank.ru,/portalserver/sb-portal-ru/ru/person/paymentsandremittances/remittance/in/beznal_rus/beznal_ss_rus,9,0,1,0,0,0,0,0,0,1,0,1
http,sberbank.ru,/portalserver/sb-portal-ru/ru/person/paymentsandremittances/remittance/out/nal_int/nal_kolibry_int,9,0,1,0,0,0,0,0,0,1,0,1
https,privatbank.ua,/ua/business/universalnyje-reshenija/regulyarnie-platezhi-dlya-korporativnih-klientov/gtm.start,5,0,1,0,0,0,0,0,0,0,0,1
http,hdfcbank.com,/personal/products/accounts-and-deposits/rural-accounts/basic-savings-bank-deposit-account-farmer,5,0,1,0,0,0,0,0,0,1,0,1
http,icicibank.com,/Personal-Banking/offers/offer-detail.page,3,0,1,0,0,0,0,0,0,1,0,1
http,icicibank.com,/Personal-Banking/offers/offer-detail.page,3,0,1,0,0,0,0,0,0,1,0,1
http,icicibank.com,/privilege-banking/personal/Pure-Gold.page,3,0,1,0,0,0,0,0,0,1,0,1
http,maybank2u.com.my,/mbb_info/m2u/public/personalChannel02.do,4,0,1,0,0,0,2,0,0,1,0,1
http,maybank2u.com.my,/mbb_info/m2u/public/personalChannel02.do,4,0,1,0,0,0,2,0,0,1,0,1
https,privatbank.ua,/ua/business/universalnyje-reshenija/platezhi-po-telefonu-dlya-korporativnyh-klijentov/gtm.start,5,0,1,0,0,0,0,0,0,0,0,1
http,icicibank.com,/Personal-Banking/insurance/general-insurance/health-insurance/health-advantage-plus/benefits.page,6,0,1,0,0,0,0,0,0,1,0,1
http,icicibank.com,/Personal-Banking/loans/construction-equipment-loan/construction-equipment-loan-interest-rate.page,4,0,1,0,0,0,0,0,0,1,0,1
http,icicibank.com,/Personal-Banking/offers/offer-detail.page,3,0,1,0,0,0,0,0,0,1,0,1
http,icicibank.com,/Personal-Banking/offers/offer-detail.page,3,0,1,0,0,0,0,0,0,1,0,1
http,icicibank.com,/Personal-Banking/onlineservice/online-services/PrepaidMobileRecharge/prepaid-mobile-recharge.page,5,0,1,0,0,0,0,0,0,1,0,1
http,icicibank.com,/wealth-management/offers/offer-detail.page,3,0,1,0,0,0,0,0,0,1,0,1
http,sberbank.ru,/portalserver/sb-portal-ru/ru/person/paymentsandremittances/remittance/in/beznal_rus/beznal_snal_rus,9,0,1,0,0,0,0,0,0,1,0,1
http,sberbank.ru,/portalserver/sb-portal-ru/ru/person/paymentsandremittances/remittance/out/nal_int/nal_moneygram_int,9,0,1,0,0,0,0,0,0,1,0,1
http,icicibank.com,/Personal-Banking/offers/offer-detail.page,3,0,1,0,0,0,0,0,0,1,0,1
http,icicibank.com,/Personal-Banking/offers/offer-detail.page,3,0,1,0,0,0,0,0,0,1,0,1
http,icicibank.com,/Personal-Banking/offers/offer-detail.page,3,0,1,0,0,0,0,0,0,1,0,1
http,icicibank.com,/Personal-Banking/offers/offer-detail.page,3,0,1,0,0,0,0,0,0,1,0,1
http,icicibank.com,/Personal-Banking/offers/offer-detail.page,3,0,1,0,0,0,0,0,0,1,0,1
http,maybank2u.com.my,/mbb_info/m2u/public/personalChannel02.do,4,0,1,0,0,0,2,0,0,1,0,1
http,icicibank.com,/Personal-Banking/offers/offer-detail.page,3,0,1,0,0,0,0,0,0,1,0,1
http,icicibank.com,/Personal-Banking/offers/offer-detail.page,3,0,1,0,0,0,0,0,0,1,0,1
http,icicibank.com,/Personal-Banking/cards/Consumer-Cards/Debit-Card/expressions-card/expression-business-debit-card.html,6,0,1,0,0,0,0,0,0,1,0,1
http,icicibank.com,/Personal-Banking/offers/offer-detail.page,3,0,1,0,0,0,0,0,0,1,0,1
http,icicibank.com,/Personal-Banking/offers/offer-detail.page,3,0,1,0,0,0,0,0,0,1,0,1
http,icicibank.com,/Personal-Banking/offers/offer-detail.page,3,0,1,0,0,0,0,0,0,1,0,1
http,maybank2u.com.my,/mbb_info/m2u/public/etiqaChannel01.do,4,0,1,0,0,0,2,0,0,1,0,1
http,icicibank.com,/Personal-Banking/offers/offer-detail.page,3,0,1,0,0,0,0,0,0,1,0,1
http,maybank2u.com.my,/mbb_info/m2u/public/personalChannel02.do,4,0,1,0,0,0,2,0,0,1,0,1
http,icicibank.com,/Personal-Banking/offers/offer-detail.page,3,0,1,0,0,0,0,0,0,1,0,1
http,maybank2u.com.my,/mbb_info/m2u/public/personalChannel02.do,4,0,1,0,0,0,2,0,0,1,0,1
http,maybank2u.com.my,/mbb_info/m2u/public/personalChannel02.do,4,0,1,0,0,0,2,0,0,1,0,1
http,maybank2u.com.my,/mbb_info/m2u/public/personalList04.do,4,0,1,0,0,0,2,0,0,1,0,1
http,icicibank.com,/Personal-Banking/offers/offer-detail.page,3,0,1,0,0,0,0,0,0,1,0,1
http,icicibank.com,/privilege-banking/personal/Exchange-Services.page,3,0,1,0,0,0,0,0,0,1,0,1
http,maybank2u.com.my,/mbb_info/m2u/public/personalChannel01.do,4,0,1,0,0,0,2,0,0,1,0,1
http,maybank2u.com.my,/mbb_info/m2u/public/personalChannel01.do,4,0,1,0,0,0,2,0,0,1,0,1
http,maybank2u.com.my,/mbb_info/m2u/public/personalChannel02.do,4,0,1,0,0,0,2,0,0,1,0,1
http,icicibank.com,/Personal-Banking/offers/offer-detail.page,3,0,1,0,0,0,0,0,0,1,0,1
http,icicibank.com,/privilege-banking/personal/Mutual-Funds.page,3,0,1,0,0,0,0,0,0,1,0,1
http,maybank2u.com.my,/mbb_info/m2u/public/personalChannel02.do,4,0,1,0,0,0,2,0,0,1,0,1
https,privatbank.ua,/ua/news/matematiki-privatbanka-pik-pokupok-produktov-prihodits-a-na-p-atnicu-a-knig-i-lekarstv-na-vtornik/,3,0,1,0,0,0,0,0,0,0,0,1
https,privatbank.ua,/ua/news/privatbank-zapuskajet-servis-zaschischennyh-platezhej-za-uslugi-i-tovary-pokupajemyje-v-internete/,3,0,1,0,0,0,0,0,0,0,0,1
http,icicibank.com,/privilege-banking/personal/personal-loan.page,3,0,1,0,0,0,0,0,0,1,0,1
http,icicibank.com,/privilege-banking/personal/Provident-Fund-Accounts.page,3,0,1,0,0,0,0,0,0,1,0,1
http,maybank2u.com.my,/mbb_info/m2u/public/personalDetail04.do,4,0,1,0,0,0,2,0,0,1,0,1
http,maybank2u.com.my,/mbb_info/m2u/public/personalDetail04.do,4,0,1,0,0,0,2,0,0,1,0,1
http,gtbank.com,/media-centre/gtbank-in-the-news/14-media/press-releases/565-gtbank-is-best-bank-in-nigeria-for-2014-by-the-banker,5,0,1,0,0,0,0,0,0,1,0,1
http,icicibank.com,/aboutus/article.page,2,0,1,0,0,0,0,0,0,1,0,1
http,icicibank.com,/privilege-banking/personal/rubyx-card.page,3,0,1,0,0,0,0,0,0,1,0,1
http,hdfcbank.com,/wholesale/corporates/large_corporates/value_added_services/cash_management_services/cash_management_services.htm,6,0,1,0,0,0,0,0,0,1,0,1
http,icicibank.com,/privilege-banking/personal/Family-banking.page,3,0,1,0,0,0,0,0,0,1,0,1
http,maybank2u.com.my,/mbb_info/m2u/public/personalChannel01.do,4,0,1,0,0,0,2,0,0,1,0,1
http,icicibank.com,/Personal-Banking/offers/offer-detail.page,3,0,1,0,0,0,0,0,0,1,0,1
http,icicibank.com,/wealth-management/insights/wealth-overview.page,3,0,1,0,0,0,0,0,0,1,0,1
http,maybank2u.com.my,/mbb_info/m2u/public/personalDetail04.do,4,0,1,0,0,0,2,0,0,1,0,1
http,maybank2u.com.my,/mbb_info/m2u/public/personalDetail04.do,4,0,1,0,0,0,2,0,0,1,0,1
http,gtbank.com,/media-centre/gtbank-in-the-news/14-media/press-releases/548-gtbank-partners-forte-oil-to-increase-gtexpress-locations,5,0,1,0,0,0,0,0,0,1,0,1
http,icicibank.com,/privilege-banking/personal/Rubyx-Debit-Card.page,3,0,1,0,0,0,0,0,0,1,0,1
http,icicibank.com,/Personal-Banking/offers/offer-detail.page,3,0,1,0,0,0,0,0,0,1,0,1
https,privatbank.ua,/ua/news/matematiki-privatbanka-pik-pokupok-produktov-prihodits-a-na-p-atnicu-a-knig-i-lekarstv-na-vtornik/gtm.start,4,0,1,0,0,0,0,0,0,0,0,1
https,privatbank.ua,/ua/news/privatbank-zapuskajet-servis-zaschischennyh-platezhej-za-uslugi-i-tovary-pokupajemyje-v-internete/gtm.start,4,0,1,0,0,0,0,0,0,0,0,1
http,gtbank.com,/media-centre/gtbank-in-the-news/50-media/subsidiary-news/516-gtbank-ghana-introduces-third-party-online-transfer-service,5,0,1,0,0,0,0,0,0,1,0,1
http,icicibank.com,/privilege-banking/personal/titanium-savings-account.page,3,0,1,0,0,0,0,0,0,1,0,1
http,maybank2u.com.my,/mbb_info/m2u/public/highlightsArchive.do,4,0,1,0,0,0,2,0,0,1,0,1
http,maybank2u.com.my,/mbb_info/m2u/public/personalChannel02.do,4,0,1,0,0,0,2,0,0,1,0,1
http,maybank2u.com.my,/mbb_info/m2u/public/personalDetail04.do,4,0,1,0,0,0,1,0,0,1,0,1
http,maybank2u.com.my,/mbb_info/m2u/public/etiqaProgram02.do,4,0,1,0,0,0,1,0,0,1,0,1
http,maybank2u.com.my,/mbb_info/m2u/public/personalList04.do,4,0,1,0,0,0,2,0,0,1,0,1
http,maybank2u.com.my,/mbb_info/m2u/public/etiqaProgram02.do,4,0,1,0,0,0,1,0,0,1,0,1
http,maybank2u.com.my,/mbb_info/m2u/public/etiqaProgram02.do,4,0,1,0,0,0,1,0,0,1,0,1
http,maybank2u.com.my,/mbb_info/m2u/public/highlightsArchive.do,4,0,1,0,0,0,2,0,0,1,0,1
http,maybank2u.com.my,/mbb_info/m2u/public/etiqaProgram02.do,4,0,1,0,0,0,1,0,0,1,0,1
http,maybank2u.com.my,/mbb_info/m2u/public/personalList04.do,4,0,1,0,0,0,2,0,0,1,0,1
http,maybank2u.com.my,/mbb_info/m2u/public/personalList04.do,4,0,1,0,0,0,2,0,0,1,0,1
http,maybank2u.com.my,/mbb_info/m2u/public/promoDetail.do,4,0,1,0,0,0,2,0,0,1,0,1
http,maybank2u.com.my,/mbb_info/m2u/public/promoDetail.do,4,0,1,0,0,0,2,0,0,1,0,1
http,maybank2u.com.my,/mbb_info/m2u/public/promoDetail.do,4,0,1,0,0,0,2,0,0,1,0,1
http,maybank2u.com.my,/mbb_info/m2u/public/promoDetail.do,4,0,1,0,0,0,2,0,0,1,0,1
http,maybank2u.com.my,/mbb_info/m2u/public/promoDetail.do,4,0,1,0,0,0,2,0,0,1,0,1
https,privatbank.ua,/ua/news/matematiki-privatbanka-soobschili-chto-ukrainskije-zhenschiny-boleje-otvetstvenno-otnos-ats-a-k-den-gam-chem-muzhchiny,3,0,1,0,0,0,0,0,0,0,0,1
https,privatbank.ua,/ua/business/universalnyje-reshenija/oplata-chastjami/,4,0,1,0,0,0,0,0,0,0,0,1
http,gtbank.com,/media-centre/gtbank-in-the-news/50-media/subsidiary-news/599-gtbank-deploys-gtpay-for-university-of-ghana-regent-university-and-waec,5,0,1,0,0,0,0,0,0,1,0,1
http,maybank2u.com.my,/mbb_info/m2u/public/etiqaProgram01.do,4,0,1,0,0,0,1,0,0,1,0,1
http,maybank2u.com.my,/mbb_info/m2u/public/privateOnlineForm.do,4,0,1,0,0,0,2,0,0,1,0,1
http,maybank2u.com.my,/mbb_info/m2u/public/promoDetail.do,4,0,1,0,0,0,2,0,0,1,0,1
http,maybank2u.com.my,/mbb_info/m2u/public/promoDetail.do,4,0,1,0,0,0,2,0,0,1,0,1
http,maybank2u.com.my,/mbb_info/m2u/public/promoDetail.do,4,0,1,0,0,0,2,0,0,1,0,1
http,maybank2u.com.my,/mbb_info/m2u/public/promoDetail.do,4,0,1,0,0,0,2,0,0,1,0,1
http,maybank2u.com.my,/mbb_info/m2u/public/promoDetail.do,4,0,1,0,0,0,2,0,0,1,0,1
http,maybank2u.com.my,/mbb_info/m2u/public/promoDetail.do,4,0,1,0,0,0,2,0,0,1,0,1
http,maybank2u.com.my,/mbb_info/m2u/public/promoDetail.do,4,0,1,0,0,0,2,0,0,1,0,1
http,maybank2u.com.my,/mbb_info/m2u/public/promoDetail.do,4,0,1,0,0,0,2,0,0,1,0,1
http,maybank2u.com.my,/mbb_info/m2u/public/promoDetail.do,4,0,1,0,0,0,2,0,0,1,0,1
http,maybank2u.com.my,/mbb_info/m2u/public/promoDetail.do,4,0,1,0,0,0,1,0,0,1,0,1
http,maybank2u.com.my,/mbb_info/m2u/public/etiqaProgram01.do,4,0,1,0,0,0,1,0,0,1,0,1
http,maybank2u.com.my,/mbb_info/m2u/public/promoDetail.do,4,0,1,0,0,0,1,0,0,1,0,1
http,gtbank.com,/media-centre/gtbank-in-the-news/14-media/press-releases/532-gtbank-adjudged-2014-african-bank-of-the-year-wins-for-the-2nd-time-in-a-row,5,0,1,0,0,0,0,0,0,1,0,1
http,maybank2u.com.my,/mbb_info/m2u/public/personalChannel01.do,4,0,1,0,0,0,2,0,0,1,0,1
http,maybank2u.com.my,/mbb_info/m2u/public/promoChannel.do,4,0,1,0,0,0,2,0,0,1,0,1
http,maybank2u.com.my,/mbb_info/m2u/public/personalDetail04.do,4,0,1,0,0,0,2,0,0,1,0,1
http,maybank2u.com.my,/mbb_info/m2u/public/personalDetail04.do,4,0,1,0,0,0,1,0,0,1,0,1
http,maybank2u.com.my,/mbb_info/m2u/public/personalList04.do,4,0,1,0,0,0,2,0,0,1,0,1
http,icicibank.com,/nri-banking/icici-bank-video-banking/video-banking-app.page,3,0,1,0,0,0,0,0,0,1,0,1
http,icicibank.com,/privilege-banking/offers/offer-listing.page,3,0,1,0,0,0,0,0,0,1,0,1
http,maybank2u.com.my,/mbb_info/m2u/public/etiqaProgram01.do,4,0,1,0,0,0,1,0,0,1,0,1
http,maybank2u.com.my,/mbb_info/m2u/public/personalList04.do,4,0,1,0,0,0,2,0,0,1,0,1
http,maybank2u.com.my,/mbb_info/m2u/public/promoChannel.do,4,0,1,0,0,0,2,0,0,1,0,1
http,maybank2u.com.my,/mbb_info/m2u/public/personalDetail04.do,4,0,1,0,0,0,1,0,0,1,0,1
http,maybank2u.com.my,/mbb_info/m2u/public/personalList04.do,4,0,1,0,0,0,2,0,0,1,0,1
http,maybank2u.com.my,/mbb_info/m2u/public/personalList04.do,4,0,1,0,0,0,2,0,0,1,0,1
http,gtbank.com,/media-centre/gtbank-in-the-news/49-media/gtbank-in-the-news/515-gtbank-s-ndani-tv-to-host-100-of-the-most-innovative-in-the-nigerian-tech-space,5,0,1,0,0,0,0,0,0,1,0,1
http,icicibank.com,/privilege-banking/personal/titanium-savings-account-apply.page,3,0,1,0,0,0,0,0,0,1,0,1
http,maybank2u.com.my,/mbb_info/m2u/public/personalList04.do,4,0,1,0,0,0,1,0,0,1,0,1
http,maybank2u.com.my,/mbb_info/m2u/public/personalList04.do,4,0,1,0,0,0,2,0,0,1,0,1
http,maybank2u.com.my,/mbb_info/m2u/public/programCardsList.do,4,0,1,0,0,0,2,0,0,1,0,1
http,maybank2u.com.my,/mbb_info/m2u/public/promoChannel.do,4,0,1,0,0,0,2,0,0,1,0,1
https,privatbank.ua,/ua/business/universalnyje-reshenija/oplata-chastyami-i-mgnovennaya-rassrochka/,4,0,1,0,0,0,0,0,0,0,0,1
http,maybank2u.com.my,/mbb_info/m2u/public/personalList04.do,4,0,1,0,0,0,2,0,0,1,0,1
http,maybank2u.com.my,/mbb_info/m2u/public/promoChannel.do,4,0,1,0,0,0,2,0,0,1,0,1
http,maybank2u.com.my,/mbb_info/m2u/public/promoChannel.do,4,0,1,0,0,0,2,0,0,1,0,1
http,icicibank.com,/wealth-management/insights/wealth-overview.page,3,0,1,0,0,0,0,0,0,1,0,1
http,icicibank.com,/wealth-management/insights/wealth-overview.page,3,0,1,0,0,0,0,0,0,1,0,1
